rate,cost,difference,overhead
1,45299359,22,0.000486‰
10,45299376,39,0.000861‰
100,45299398,61,0.001347‰
1000,45299423,86,0.001898‰
